{"50-100-70": [0.0, 0.0, 0.0], "50-100-60": [0.0, 0.0, 0.012397886237237747], "70-100-80": [-0.021970039253384605, 0.0, 0.0], "60-100-70": [0.0, 0.0, 0.0], "60-100-80": [0.0, 0.0, 0.0], "90-100-90": [0.0002906028995306101, 0.0009367311475706285, 0.004870886145499518]}