{"19-19-19": [0.1577261496984389, 0.0, 0.0], "4-20-7": [0.0, -0.14470288963159533, 0.0], "17-20-18": [0.08301376299917837, 0.0, 0.0], "2-10-4": [0.0, 0.0, 0.0], "19-4-7": [0.0, 0.0, 0.0], "20-4-7": [0.07615941559557649, 0.0, 0.0], "5-5-5": [0.0, 0.0, 0.0], "10-10-10": [0.0, 0.0, 0.0], "0-13-0": [-0.08301376299917837, 0.0, 0.0], "0-11-0": [0.0, 0.0, -0.07615941559557649], "5-0-0": [0.0, 0.0, 0.0], "2-7-3": [0.0, -0.07615941559557649, 0.0]}