{"10-100-20": [-4243.2, 0.0, 0.0], "0-100-10": [-20529.13, -8007.400000000001, 0.0], "0-100-0": [-81582.96172980001, -88683.881115931, -92803.72997233117]}