{"20-20-20": [-60753.5, -60753.5, 0.0], "40-60-40": [-51417.9, 0.0, 0.0], "30-90-50": [-67877.7, -54076.5, 0.0], "60-90-80": [2986.2000000000003, 0.0, 0.0], "0-100-0": [-150845.6, 0.0, 0.0], "30-40-30": [0.0, 0.0, -61604.4], "0-0-0": [-40786.831, -167468.32630100002, -73072.092], "50-20-30": [-7063.8, -7093.3, 0.0], "0-50-0": [-120504.1, -50174.9, -76214.6], "10-0-0": [-40046.200000000004, -41896.4, 0.0], "50-90-70": [-18474.100000000002, 0.0, -21182.2], "0-80-0": [-126411.70000000001, 0.0, 0.0], "0-90-0": [0.0, 0.0, 0.0], "30-20-20": [-50551.200000000004, 0.0, 0.0], "0-20-0": [-120234.0, 0.0, 0.0], "10-10-10": [-59466.5, 0.0, 0.0], "70-30-40": [15962.5, 0.0, 0.0], "30-30-30": [0.0, -44332.200000000004, 0.0], "40-90-60": [-43437.5, 0.0, 0.0], "0-60-0": [-107775.8, -130510.95, 0.0], "30-40-40": [-56948.8, -9822.0, 0.0], "30-50-40": [-15890.7, 0.0, 0.0], "10-30-10": [-34146.6, 0.0, 0.0], "40-40-40": [-31132.300000000003, 0.0, 0.0], "80-90-80": [27218.2, 0.0, 0.0], "70-90-80": [0.0, 0.0, 0.0], "10-100-20": [-83391.40000000001, 0.0, 0.0], "10-100-10": [0.0, 0.0, 0.0], "90-20-30": [28742.738, 0.0, 0.0], "0-50-10": [-687201.1000000001, 0.0, 0.0], "10-40-10": [-46614.3, 0.0, 0.0], "20-40-30": [-56639.9, 0.0, 0.0]}