{"50-100-60": [-0.004059783878829689, 0.0, 0.0], "40-100-60": [0.0, 0.0, 0.0], "60-100-70": [0.0, 0.0, 0.0], "50-100-70": [0.002691452093779646, 0.0, 0.008695848579301625], "70-100-80": [-0.0068616775309894296, 0.0, 0.0], "60-100-80": [0.0, 0.0, 0.011183896970529579], "90-100-90": [-0.002147632209349506, 0.001490679102297475, 0.001413015984573308], "80-100-90": [-0.00598399157586963, 0.0, 0.0], "100-100-100": [0.0005259510506736203, 0.0, 0.0], "90-90-90": [-0.0005429582192870248, 0.0, -9.087049184616848e-05], "100-90-90": [5.662320334862692e-05, 0.0, 0.0], "90-30-50": [0.0, 0.0, 0.0], "90-70-80": [0.009962110259896928, 0.0, 0.0], "90-10-20": [0.05999035680450959, 0.0, 0.0], "90-60-80": [0.0, 0.0, 0.0], "90-0-10": [0.0, 0.0, 0.0], "90-40-60": [0.03211313485518974, 0.0, 0.0], "90-80-90": [0.0, 0.0, 0.0]}