{"10-100-20": [-4243.2, 0.0, 0.0], "0-100-10": [-20529.13, -8007.400000000001, -0.05041063894942985], "0-100-0": [-61478.08216315503, -81464.13661295648, -78666.17740227736], "40-100-60": [0.0, 0.0, 0.0], "60-100-70": [-0.06280000000000001, -0.0632, -0.08613642438877245], "70-100-80": [-0.06639771431172851, -0.041600000000000005, -0.03678538655807731], "80-100-90": [-0.04804579623532902, -0.016700000000000003, 0.0], "60-100-80": [-0.0925112389400975, 0.0, 0.0], "50-100-70": [0.0, 0.0, 0.0], "90-100-90": [-0.00520601115312085, -0.003679992830495466, 0.0013596629310574577], "100-100-100": [-3.0149378057312183e-05, 0.0, 0.0]}