{"50-100-60": [-0.0019854880898600657, 0.0, 0.0], "40-100-60": [0.0, 0.0, 0.0], "60-100-70": [0.0, 0.0, 0.00667041776861046], "50-100-70": [0.0, 0.0, 0.008241666181122842], "60-100-80": [-0.0016513532303542992, 0.0, 0.0], "70-100-80": [0.0, 0.0, 0.0], "80-100-90": [-0.01062497214128666, 0.0, 0.0], "90-100-90": [-0.0009194260036924598, 0.0, 0.005444896233568269]}